Num of parameters,Depth,K,Embedding length,Model name,Embedding name,top 0.0001,top 0.001,top 0.01,top 0.05,top 0.1,top 0.2,top 0.3,median,auc
101550,4,25,4,MOD_snn_4_25_4-50,EMB_snn_4_25_4-50,0.032275613,0.049682778,0.150238516,0.388539232,0.537603261,0.708682498,0.807295926,0.133357241,0.82632276
101550,4,25,4,MOD_snn_4_25_4-75,EMB_snn_4_25_4-75,0.038474427,0.059858304,0.173283227,0.411300176,0.554604593,0.70702743,0.790112605,0.142705351,0.82071337
101550,4,25,4,MOD_snn_4_25_4-100,EMB_snn_4_25_4-100,0.034308325,0.058451499,0.180094572,0.423644527,0.563507843,0.716289346,0.8035551,0.137493121,0.8253938
101550,4,25,6,MOD_snn_4_25_6-50,EMB_snn_4_25_6-50,0.044708544,0.073333664,0.224451068,0.506065696,0.663831972,0.808998898,0.878495106,0.084418713,0.878295307
101550,4,25,6,MOD_snn_4_25_6-75,EMB_snn_4_25_6-75,0.045823474,0.074173587,0.211607033,0.480277421,0.63526444,0.780629546,0.852098161,0.099811758,0.859727972
101550,4,25,6,MOD_snn_4_25_6-100,EMB_snn_4_25_6-100,0.046727309,0.073510507,0.208205201,0.467838672,0.617678534,0.768264966,0.842413238,0.105211767,0.853252635
101550,4,25,8,MOD_snn_4_25_8-50,EMB_snn_4_25_8-50,0.04506829,0.068170672,0.167975418,0.363723131,0.477338482,0.592212713,0.660731192,0.244577821,0.736967994
101550,4,25,8,MOD_snn_4_25_8-75,EMB_snn_4_25_8-75,0.045458151,0.066311918,0.167167683,0.363421169,0.482911748,0.602330751,0.672032009,0.235035808,0.74324703
101550,4,25,8,MOD_snn_4_25_8-100,EMB_snn_4_25_8-100,0.045397285,0.064255378,0.156537541,0.348426606,0.459823983,0.577015714,0.646320047,0.254550958,0.727444714
101550,4,25,16,MOD_snn_4_25_16-50,EMB_snn_4_25_16-50,0.091952417,0.144138672,0.331213444,0.597624388,0.716993042,0.817340727,0.870167285,0.074939725,0.883766495
101550,4,25,16,MOD_snn_4_25_16-75,EMB_snn_4_25_16-75,0.088203565,0.135331193,0.334813033,0.61666135,0.74735387,0.847654303,0.894284205,0.059053952,0.900190846
101550,4,25,16,MOD_snn_4_25_16-100,EMB_snn_4_25_16-100,0.082478403,0.126359023,0.3011667,0.577768563,0.714447624,0.819499779,0.871053533,0.072291379,0.882473404
101550,4,25,32,MOD_snn_4_25_32-50,EMB_snn_4_25_32-50,0.081209234,0.126116806,0.312490636,0.588325516,0.725995206,0.841604897,0.896164959,0.058229579,0.897178807
101550,4,25,32,MOD_snn_4_25_32-75,EMB_snn_4_25_32-75,0.083750137,0.135292989,0.313272941,0.581310783,0.715655733,0.834758138,0.889261157,0.062396027,0.89388359
101550,4,25,32,MOD_snn_4_25_32-100,EMB_snn_4_25_32-100,0.079277488,0.124510397,0.302438351,0.582625956,0.720110115,0.837863108,0.891013901,0.063863569,0.894208354
97920,8,12,4,MOD_snn_8_12_4-50,EMB_snn_8_12_4-50,0.03416127,0.053236866,0.16675054,0.442987038,0.609501445,0.757365642,0.829386116,0.115770859,0.844597056
97920,8,12,4,MOD_snn_8_12_4-75,EMB_snn_8_12_4-75,0.035211608,0.055812029,0.170631152,0.434398783,0.604345821,0.747857026,0.811745492,0.125463932,0.833997163
97920,8,12,4,MOD_snn_8_12_4-100,EMB_snn_8_12_4-100,0.033988506,0.054447059,0.172620308,0.442282419,0.6070982,0.750765976,0.819831296,0.120229718,0.837191658
97920,8,12,6,MOD_snn_8_12_6-50,EMB_snn_8_12_6-50,0.046511395,0.080055511,0.233430439,0.492833554,0.625818685,0.752728409,0.817985836,0.12002355,0.843067768
97920,8,12,6,MOD_snn_8_12_6-75,EMB_snn_8_12_6-75,0.054440432,0.092066702,0.252112722,0.523301124,0.655093504,0.774787998,0.836331729,0.100321012,0.854324072
97920,8,12,6,MOD_snn_8_12_6-100,EMB_snn_8_12_6-100,0.052950919,0.087570313,0.249556673,0.522075983,0.652894729,0.781186765,0.844813252,0.094944042,0.859988418
97920,8,12,8,MOD_snn_8_12_8-50,EMB_snn_8_12_8-50,0.057432349,0.092287936,0.249699571,0.531127031,0.673660827,0.797239952,0.858807952,0.087595859,0.872051432
97920,8,12,8,MOD_snn_8_12_8-75,EMB_snn_8_12_8-75,0.056269265,0.087974487,0.240906126,0.517159441,0.662455758,0.788270204,0.85009798,0.096038099,0.862987618
97920,8,12,8,MOD_snn_8_12_8-100,EMB_snn_8_12_8-100,0.054568366,0.085281885,0.229578471,0.506683021,0.658825521,0.788326978,0.851610538,0.093395132,0.863158247
97920,8,12,16,MOD_snn_8_12_16-50,EMB_snn_8_12_16-50,0.210083158,0.265007839,0.454191562,0.70375144,0.805441851,0.884828059,0.920597867,0.048814132,0.920458939
97920,8,12,16,MOD_snn_8_12_16-75,EMB_snn_8_12_16-75,0.209584798,0.258953831,0.433433382,0.692581652,0.799533332,0.88602983,0.922640598,0.047993316,0.921572533
97920,8,12,16,MOD_snn_8_12_16-100,EMB_snn_8_12_16-100,0.25661823,0.310849204,0.485538715,0.712041736,0.809853521,0.887399798,0.921382216,0.048003911,0.923242161
97920,8,12,32,MOD_snn_8_12_32-50,EMB_snn_8_12_32-50,0.088080374,0.13187511,0.301432976,0.555437334,0.709388983,0.877214938,0.924736887,0.063431021,0.905261595
97920,8,12,32,MOD_snn_8_12_32-75,EMB_snn_8_12_32-75,0.075971392,0.113485839,0.276964316,0.543072644,0.702330305,0.873385843,0.92356404,0.062606948,0.903677141
97920,8,12,32,MOD_snn_8_12_32-100,EMB_snn_8_12_32-100,0.079074732,0.122509933,0.285473424,0.534211119,0.696575832,0.869642361,0.917690313,0.065621671,0.900287194
98208,16,6,4,MOD_snn_16_6_4-50,EMB_snn_16_6_4-50,0.042729339,0.061905479,0.176344893,0.446974263,0.616709144,0.761950867,0.839972457,0.109798304,0.851138914
98208,16,6,4,MOD_snn_16_6_4-75,EMB_snn_16_6_4-75,0.036202873,0.054640585,0.166624362,0.434591075,0.596023819,0.732697929,0.805484438,0.130014565,0.830806213
98208,16,6,4,MOD_snn_16_6_4-100,EMB_snn_16_6_4-100,0.035105171,0.055859492,0.167370037,0.434451819,0.595411538,0.746693728,0.81631339,0.118928195,0.835250049
98208,16,6,6,MOD_snn_16_6_6-50,EMB_snn_16_6_6-50,0.049996819,0.080541272,0.245486094,0.530070157,0.669549124,0.795881759,0.857446785,0.092208987,0.869028657
98208,16,6,6,MOD_snn_16_6_6-75,EMB_snn_16_6_6-75,0.045069867,0.075618545,0.222172714,0.498079828,0.65011096,0.796455561,0.85915847,0.096508679,0.86581509
98208,16,6,6,MOD_snn_16_6_6-100,EMB_snn_16_6_6-100,0.043837593,0.072604719,0.219920713,0.495353813,0.638913169,0.77536295,0.843025565,0.102033706,0.857271303
98208,16,6,8,MOD_snn_16_6_8-50,EMB_snn_16_6_8-50,0.057527294,0.095100267,0.26766148,0.549185571,0.681761901,0.799271488,0.859042068,0.083270755,0.873629634
98208,16,6,8,MOD_snn_16_6_8-75,EMB_snn_16_6_8-75,0.052578215,0.091416887,0.260965001,0.541247051,0.674481451,0.790478271,0.850437841,0.087608243,0.867069004
98208,16,6,8,MOD_snn_16_6_8-100,EMB_snn_16_6_8-100,0.052640495,0.091497322,0.264875368,0.547687315,0.68060583,0.792807797,0.849637098,0.08745393,0.866865939
98208,16,6,16,MOD_snn_16_6_16-50,EMB_snn_16_6_16-50,0.059892152,0.086493932,0.19861242,0.392642902,0.495664001,0.605869337,0.674434818,0.231147455,0.744961918
98208,16,6,16,MOD_snn_16_6_16-75,EMB_snn_16_6_16-75,0.065776765,0.094963101,0.217263879,0.417244021,0.524405333,0.632161711,0.700207714,0.211096176,0.762715682
98208,16,6,16,MOD_snn_16_6_16-100,EMB_snn_16_6_16-100,0.055953265,0.083394631,0.194066268,0.389019975,0.491375376,0.595026867,0.665020868,0.237845366,0.741723314
98208,16,6,32,MOD_snn_16_6_32-50,EMB_snn_16_6_32-50,0.097480403,0.145881943,0.340712921,0.622988451,0.746830392,0.84770015,0.895969933,0.058997836,0.899939549
98208,16,6,32,MOD_snn_16_6_32-75,EMB_snn_16_6_32-75,0.091777473,0.144989655,0.328036375,0.598476921,0.723717303,0.834580427,0.886750353,0.064125268,0.893064832
98208,16,6,32,MOD_snn_16_6_32-100,EMB_snn_16_6_32-100,0.07932505,0.13054102,0.314348167,0.589600133,0.723331455,0.838568291,0.889465099,0.062500941,0.89390058
98304,24,4,4,MOD_snn_24_4_4-50,EMB_snn_24_4_4-50,0.190061006,0.234597983,0.342872364,0.555045681,0.679840598,0.79350201,0.851700469,0.094361704,0.873829062
98304,24,4,4,MOD_snn_24_4_4-75,EMB_snn_24_4_4-75,0.187994248,0.239646233,0.356476084,0.56582862,0.687083112,0.798935142,0.856882073,0.092310689,0.875970799
98304,24,4,4,MOD_snn_24_4_4-100,EMB_snn_24_4_4-100,0.180096098,0.21791647,0.330241356,0.549404679,0.678902502,0.794230014,0.855489778,0.090508886,0.874885864
98304,24,4,6,MOD_snn_24_4_6-50,EMB_snn_24_4_6-50,0.055479949,0.090101983,0.239050223,0.516647207,0.656197654,0.774343078,0.837186141,0.101667199,0.857293293
98304,24,4,6,MOD_snn_24_4_6-75,EMB_snn_24_4_6-75,0.048704844,0.076644682,0.207932923,0.47189345,0.619112063,0.747991219,0.819589297,0.116106778,0.842342151
98304,24,4,6,MOD_snn_24_4_6-100,EMB_snn_24_4_6-100,0.05332665,0.083266815,0.220673827,0.491077954,0.636082854,0.763198476,0.827243366,0.108727193,0.846605197
98304,24,4,8,MOD_snn_24_4_8-50,EMB_snn_24_4_8-50,0.057518268,0.087720189,0.236731493,0.532287775,0.697953195,0.829484089,0.885201419,0.081689808,0.883608881
98304,24,4,8,MOD_snn_24_4_8-75,EMB_snn_24_4_8-75,0.064262474,0.095663885,0.255242379,0.549800728,0.701503095,0.826351553,0.877658821,0.08838441,0.877894061
98304,24,4,8,MOD_snn_24_4_8-100,EMB_snn_24_4_8-100,0.051439567,0.082267648,0.234004614,0.528871988,0.690586084,0.824828222,0.884840014,0.077105643,0.882209107
98304,24,4,16,MOD_snn_24_4_16-50,EMB_snn_24_4_16-50,0.075291328,0.121423376,0.318200372,0.63486117,0.770011117,0.867784524,0.91041558,0.054604922,0.909070088
98304,24,4,16,MOD_snn_24_4_16-75,EMB_snn_24_4_16-75,0.082852968,0.130521831,0.308247871,0.605929724,0.743985892,0.842592551,0.891828878,0.06632039,0.896663477
98304,24,4,16,MOD_snn_24_4_16-100,EMB_snn_24_4_16-100,0.083125938,0.13046857,0.311356125,0.60484512,0.74242403,0.848819243,0.894365005,0.065729092,0.896917557
98304,24,4,32,MOD_snn_24_4_32-50,EMB_snn_24_4_32-50,0.072282876,0.120722553,0.318233284,0.605009633,0.738212093,0.845451928,0.895741218,0.058969565,0.897517861
98304,24,4,32,MOD_snn_24_4_32-75,EMB_snn_24_4_32-75,0.067970281,0.10912943,0.295390949,0.581750151,0.712688169,0.829389624,0.883730561,0.067589679,0.890113162
98304,24,4,32,MOD_snn_24_4_32-100,EMB_snn_24_4_32-100,0.064072565,0.105651219,0.290224801,0.574493541,0.71187487,0.827060131,0.882873766,0.069928962,0.886489183
98352,32,3,4,MOD_snn_32_3_4-50,EMB_snn_32_3_4-50,0.035543112,0.057317117,0.191317141,0.472070863,0.630068572,0.783527538,0.850936088,0.101279192,0.856442232
98352,32,3,4,MOD_snn_32_3_4-75,EMB_snn_32_3_4-75,0.039290606,0.061363379,0.188606868,0.465348493,0.619264574,0.758132905,0.821676816,0.118804013,0.838877041
98352,32,3,4,MOD_snn_32_3_4-100,EMB_snn_32_3_4-100,0.041099809,0.069572269,0.201409665,0.476253012,0.63121935,0.775862526,0.837932702,0.105988667,0.850867657
98352,32,3,6,MOD_snn_32_3_6-50,EMB_snn_32_3_6-50,0.055552896,0.092272878,0.246121118,0.50849092,0.646227624,0.780526387,0.843916466,0.101085053,0.856750565
98352,32,3,6,MOD_snn_32_3_6-75,EMB_snn_32_3_6-75,0.052532543,0.080298085,0.217712537,0.478144657,0.623580466,0.767662505,0.835596865,0.105176164,0.850282398
98352,32,3,6,MOD_snn_32_3_6-100,EMB_snn_32_3_6-100,0.051476416,0.083101693,0.238062152,0.502482486,0.647288893,0.787473162,0.854951195,0.093572702,0.862363272
98352,32,3,8,MOD_snn_32_3_8-50,EMB_snn_32_3_8-50,0.183123836,0.240164799,0.414590666,0.65669429,0.771676493,0.862866665,0.906696301,0.059068546,0.909130526
98352,32,3,8,MOD_snn_32_3_8-75,EMB_snn_32_3_8-75,0.166532263,0.227214805,0.401369469,0.649235181,0.763932988,0.85171839,0.891664898,0.065783468,0.900293326
98352,32,3,8,MOD_snn_32_3_8-100,EMB_snn_32_3_8-100,0.19304331,0.255050562,0.418656575,0.638437243,0.745543505,0.835518441,0.877256586,0.072714073,0.891847742
98352,32,3,16,MOD_snn_32_3_16-50,EMB_snn_32_3_16-50,0.073263326,0.114521654,0.297626156,0.591386139,0.734128514,0.836860524,0.890018648,0.069093302,0.893245783
98352,32,3,16,MOD_snn_32_3_16-75,EMB_snn_32_3_16-75,0.06968486,0.111272249,0.290539742,0.589212235,0.737203967,0.845261605,0.892400666,0.065356823,0.895739561
98352,32,3,16,MOD_snn_32_3_16-100,EMB_snn_32_3_16-100,0.091576717,0.133478998,0.314229821,0.596835765,0.727593042,0.828543429,0.877677273,0.075833217,0.887890332
98352,32,3,32,MOD_snn_32_3_32-50,EMB_snn_32_3_32-50,0.093202932,0.143309689,0.322536305,0.58928114,0.715125677,0.828945373,0.880915626,0.062623004,0.889511269
98352,32,3,32,MOD_snn_32_3_32-75,EMB_snn_32_3_32-75,0.100889248,0.146022458,0.334693482,0.60449534,0.724569247,0.830360491,0.881150605,0.065281483,0.890016156
98352,32,3,32,MOD_snn_32_3_32-100,EMB_snn_32_3_32-100,0.086797489,0.131179917,0.301351012,0.563035636,0.682733004,0.796478141,0.858625753,0.079622,0.873998228
201600,4,48,4,MOD_snn_4_48_4-50,EMB_snn_4_48_4-50,0.032622123,0.049969914,0.147423394,0.384678106,0.545080692,0.70709351,0.796836902,0.13422724,0.823235436
201600,4,48,4,MOD_snn_4_48_4-75,EMB_snn_4_48_4-75,0.03463065,0.05350797,0.163959998,0.397495474,0.549751292,0.704936143,0.787053967,0.138769343,0.819961799
201600,4,48,4,MOD_snn_4_48_4-100,EMB_snn_4_48_4-100,0.032522451,0.048372059,0.143399312,0.360713757,0.513145925,0.678969645,0.77276917,0.143642137,0.810797391
201600,4,48,6,MOD_snn_4_48_6-50,EMB_snn_4_48_6-50,0.189289809,0.227793721,0.350610227,0.578625452,0.696085881,0.800785961,0.851961297,0.093137278,0.871818281
201600,4,48,6,MOD_snn_4_48_6-75,EMB_snn_4_48_6-75,0.171639809,0.212645154,0.34246731,0.554617548,0.666408478,0.77525537,0.836557941,0.104812126,0.860155862
201600,4,48,6,MOD_snn_4_48_6-100,EMB_snn_4_48_6-100,0.156994462,0.198649964,0.325304635,0.534100064,0.649351422,0.759019629,0.815830029,0.112945244,0.84783504
201600,4,48,8,MOD_snn_4_48_8-50,EMB_snn_4_48_8-50,0.024850543,0.029130855,0.063175925,0.153831498,0.229998101,0.345967314,0.443124222,0.391527419,0.59819004
201600,4,48,8,MOD_snn_4_48_8-75,EMB_snn_4_48_8-75,0.026377873,0.031892903,0.060900523,0.141386666,0.215937662,0.335245929,0.436680251,0.390257151,0.596399478
201600,4,48,8,MOD_snn_4_48_8-100,EMB_snn_4_48_8-100,0.025640852,0.03035134,0.062038541,0.148892262,0.224625477,0.343773634,0.441011912,0.390849846,0.598072625
201600,4,48,16,MOD_snn_4_48_16-50,EMB_snn_4_48_16-50,0.180996504,0.243029369,0.418550457,0.645376564,0.743714606,0.832349868,0.880186742,0.066971729,0.896358357
201600,4,48,16,MOD_snn_4_48_16-75,EMB_snn_4_48_16-75,0.170214268,0.231029554,0.408608216,0.618621598,0.726254798,0.827926329,0.881362543,0.065887945,0.893848948
201600,4,48,16,MOD_snn_4_48_16-100,EMB_snn_4_48_16-100,0.171269521,0.22951203,0.402647861,0.63058276,0.732977046,0.829298453,0.881445383,0.061083622,0.896367269
201600,4,48,32,MOD_snn_4_48_32-50,EMB_snn_4_48_32-50,0.053857106,0.08364923,0.192089667,0.351757815,0.441226441,0.557089909,0.637582661,0.236477154,0.726253296
201600,4,48,32,MOD_snn_4_48_32-75,EMB_snn_4_48_32-75,0.057940622,0.084177713,0.191365954,0.354217679,0.447245764,0.563464705,0.641687261,0.23258606,0.729408023
201600,4,48,32,MOD_snn_4_48_32-100,EMB_snn_4_48_32-100,0.050715552,0.074960562,0.164019386,0.306389997,0.399869552,0.518831239,0.605290979,0.257637418,0.704092043
203904,8,24,4,MOD_snn_8_24_4-50,EMB_snn_8_24_4-50,0.033463477,0.050481216,0.153266034,0.397933826,0.551182951,0.709165925,0.794437714,0.132942419,0.823582843
203904,8,24,4,MOD_snn_8_24_4-75,EMB_snn_8_24_4-75,0.032100369,0.047552647,0.142240332,0.37190921,0.523209632,0.691043062,0.785374525,0.142219381,0.819019964
203904,8,24,4,MOD_snn_8_24_4-100,EMB_snn_8_24_4-100,0.03160465,0.047228221,0.14461651,0.37421458,0.530305297,0.689826196,0.780892354,0.141019178,0.814770833
203904,8,24,6,MOD_snn_8_24_6-50,EMB_snn_8_24_6-50,0.053573656,0.080765125,0.210173975,0.465249874,0.609494449,0.753106048,0.826636469,0.107210164,0.847131893
203904,8,24,6,MOD_snn_8_24_6-75,EMB_snn_8_24_6-75,0.057435617,0.086221624,0.229199209,0.495088504,0.630654525,0.763753027,0.835265185,0.103193742,0.853381933
203904,8,24,6,MOD_snn_8_24_6-100,EMB_snn_8_24_6-100,0.060802443,0.088291366,0.215386629,0.450884257,0.588366914,0.727611735,0.808909248,0.116894732,0.835395923
203904,8,24,8,MOD_snn_8_24_8-50,EMB_snn_8_24_8-50,0.047893899,0.076705087,0.213721621,0.456662142,0.586163959,0.717747869,0.793885315,0.123029868,0.827868769
203904,8,24,8,MOD_snn_8_24_8-75,EMB_snn_8_24_8-75,0.053629074,0.083466484,0.21654317,0.451458224,0.581298323,0.719376443,0.797843291,0.116401554,0.831231803
203904,8,24,8,MOD_snn_8_24_8-100,EMB_snn_8_24_8-100,0.050000948,0.077632931,0.201438296,0.438227458,0.567787389,0.702176932,0.780999573,0.12217562,0.819843203
203904,8,24,16,MOD_snn_8_24_16-50,EMB_snn_8_24_16-50,0.222564797,0.272231168,0.423243412,0.621869823,0.719443813,0.809516869,0.859881181,0.077024033,0.881597533
203904,8,24,16,MOD_snn_8_24_16-75,EMB_snn_8_24_16-75,0.158643458,0.20396006,0.37086244,0.585558995,0.685699313,0.787513123,0.844177125,0.080454092,0.869500428
203904,8,24,16,MOD_snn_8_24_16-100,EMB_snn_8_24_16-100,0.170779115,0.213643766,0.3559608,0.553719075,0.65226646,0.759824809,0.822832203,0.098209658,0.854149638
203904,8,24,32,MOD_snn_8_24_32-50,EMB_snn_8_24_32-50,0.090713863,0.142416142,0.334461534,0.582724117,0.699700265,0.807074975,0.866889836,0.066198727,0.881359053
203904,8,24,32,MOD_snn_8_24_32-75,EMB_snn_8_24_32-75,0.100951883,0.154961639,0.332130308,0.570456724,0.684283791,0.795494029,0.856008445,0.071373394,0.875252528
203904,8,24,32,MOD_snn_8_24_32-100,EMB_snn_8_24_32-100,0.092500913,0.143979205,0.323417245,0.560613843,0.678829784,0.793104155,0.853672761,0.074090441,0.872325005
205056,16,12,4,MOD_snn_16_12_4-50,EMB_snn_16_12_4-50,0.039786782,0.066954007,0.197381867,0.44214633,0.58592197,0.73189674,0.802272153,0.12582318,0.828523932
205056,16,12,4,MOD_snn_16_12_4-75,EMB_snn_16_12_4-75,0.043107925,0.069420089,0.193694396,0.431409515,0.574494284,0.716780116,0.791250786,0.129023416,0.82407716
205056,16,12,4,MOD_snn_16_12_4-100,EMB_snn_16_12_4-100,0.039748597,0.065549737,0.181450923,0.407093951,0.548039792,0.702408933,0.790817619,0.135626148,0.819027211
205056,16,12,6,MOD_snn_16_12_6-50,EMB_snn_16_12_6-50,0.061527646,0.098120069,0.232818255,0.484020381,0.616759919,0.742684572,0.809740349,0.110906039,0.838227212
205056,16,12,6,MOD_snn_16_12_6-75,EMB_snn_16_12_6-75,0.059838298,0.091237733,0.225246236,0.462263609,0.588289538,0.717998248,0.79519873,0.122166665,0.829278164
205056,16,12,6,MOD_snn_16_12_6-100,EMB_snn_16_12_6-100,0.049514713,0.076623709,0.194584649,0.426712411,0.562335744,0.69917107,0.777272143,0.137095577,0.815469853
205056,16,12,8,MOD_snn_16_12_8-50,EMB_snn_16_12_8-50,0.056963577,0.089833562,0.23573563,0.481821223,0.611663479,0.738489582,0.809693762,0.113926877,0.838516555
205056,16,12,8,MOD_snn_16_12_8-75,EMB_snn_16_12_8-75,0.052717207,0.084329566,0.214388873,0.453635328,0.58549091,0.722630851,0.79616091,0.118946906,0.829869806
205056,16,12,8,MOD_snn_16_12_8-100,EMB_snn_16_12_8-100,0.044494486,0.073580938,0.211118151,0.448054076,0.583241413,0.72087969,0.798584546,0.120224181,0.830001746
205056,16,12,16,MOD_snn_16_12_16-50,EMB_snn_16_12_16-50,0.157810635,0.225007483,0.423339715,0.646646104,0.746099593,0.837021872,0.886900041,0.060565606,0.897426462
205056,16,12,16,MOD_snn_16_12_16-75,EMB_snn_16_12_16-75,0.152440609,0.219861249,0.41586062,0.628971244,0.730505638,0.822508145,0.874143776,0.07024553,0.888542586
205056,16,12,16,MOD_snn_16_12_16-100,EMB_snn_16_12_16-100,0.156954603,0.225427331,0.424477989,0.618508475,0.716385008,0.81092065,0.862193253,0.07384175,0.881995127
205056,16,12,32,MOD_snn_16_12_32-50,EMB_snn_16_12_32-50,0.087327294,0.13765753,0.315330216,0.53564183,0.646580399,0.758865602,0.823506017,0.094687063,0.852831456
205056,16,12,32,MOD_snn_16_12_32-75,EMB_snn_16_12_32-75,0.086980872,0.133075787,0.299954082,0.533133273,0.646638176,0.761525026,0.829970739,0.087619069,0.856299881
205056,16,12,32,MOD_snn_16_12_32-100,EMB_snn_16_12_32-100,0.083350212,0.126051937,0.290074318,0.515557438,0.631449817,0.754256747,0.825554287,0.094387184,0.851091009
205440,24,8,4,MOD_snn_24_8_4-50,EMB_snn_24_8_4-50,0.037368228,0.057239754,0.171364483,0.409384793,0.55136861,0.705149768,0.780818505,0.140977287,0.816398374
205440,24,8,4,MOD_snn_24_8_4-75,EMB_snn_24_8_4-75,0.042885933,0.069930823,0.173829847,0.399417777,0.537501974,0.686431354,0.772034962,0.144819557,0.809302144
205440,24,8,4,MOD_snn_24_8_4-100,EMB_snn_24_8_4-100,0.034525954,0.058027901,0.167120947,0.38677297,0.523494767,0.679188613,0.766320467,0.147098293,0.805896617
205440,24,8,6,MOD_snn_24_8_6-50,EMB_snn_24_8_6-50,0.142242843,0.209705351,0.395334158,0.627887548,0.73330754,0.828315385,0.876581451,0.07364864,0.890095698
205440,24,8,6,MOD_snn_24_8_6-75,EMB_snn_24_8_6-75,0.129373598,0.194942676,0.363771828,0.587134937,0.697631488,0.800546177,0.860316802,0.084958253,0.87669779
205440,24,8,6,MOD_snn_24_8_6-100,EMB_snn_24_8_6-100,0.122357008,0.185631417,0.365163661,0.58439625,0.688708922,0.788241744,0.845980064,0.098398129,0.867839098
205440,24,8,8,MOD_snn_24_8_8-50,EMB_snn_24_8_8-50,0.056519628,0.091182704,0.229298502,0.472548208,0.613533511,0.748918541,0.819154212,0.109907988,0.840876328
205440,24,8,8,MOD_snn_24_8_8-75,EMB_snn_24_8_8-75,0.051725107,0.084666285,0.220923896,0.462270108,0.59759634,0.72894656,0.801700684,0.119270712,0.831010938
205440,24,8,8,MOD_snn_24_8_8-100,EMB_snn_24_8_8-100,0.051542228,0.077478657,0.210269775,0.443809253,0.575574197,0.711420562,0.78766136,0.124755877,0.824957748
205440,24,8,16,MOD_snn_24_8_16-50,EMB_snn_24_8_16-50,0.07325241,0.110324713,0.277131915,0.537577823,0.668183753,0.788681706,0.851192803,0.085394756,0.867071891
205440,24,8,16,MOD_snn_24_8_16-75,EMB_snn_24_8_16-75,0.059127026,0.096233057,0.251832195,0.509129335,0.641608386,0.768928432,0.836517155,0.090079866,0.858337951
205440,24,8,16,MOD_snn_24_8_16-100,EMB_snn_24_8_16-100,0.070354658,0.107409288,0.270563933,0.52540349,0.65129041,0.769069457,0.834233577,0.094347865,0.857594899
205440,24,8,32,MOD_snn_24_8_32-50,EMB_snn_24_8_32-50,0.102943925,0.156950811,0.351937701,0.585391368,0.69793054,0.801360881,0.860666815,0.069034088,0.879678575
205440,24,8,32,MOD_snn_24_8_32-75,EMB_snn_24_8_32-75,0.084426262,0.132998152,0.304843495,0.544571529,0.659158412,0.777782646,0.843030358,0.081964331,0.865835964
205440,24,8,32,MOD_snn_24_8_32-100,EMB_snn_24_8_32-100,0.084863829,0.129183803,0.306465268,0.544341185,0.663824363,0.775829968,0.843417293,0.077391883,0.866398686
205632,32,6,4,MOD_snn_32_6_4-50,EMB_snn_32_6_4-50,0.038132486,0.053562278,0.138719797,0.322129144,0.431295172,0.551603295,0.632328246,0.257525202,0.720498756
205632,32,6,4,MOD_snn_32_6_4-75,EMB_snn_32_6_4-75,0.033583903,0.046789037,0.127132306,0.301543865,0.408389539,0.537281585,0.623932143,0.265296675,0.712128204
205632,32,6,4,MOD_snn_32_6_4-100,EMB_snn_32_6_4-100,0.033439261,0.046096131,0.133269216,0.32809641,0.444667945,0.572305883,0.657670113,0.236664938,0.735465196
205632,32,6,6,MOD_snn_32_6_6-50,EMB_snn_32_6_6-50,0.080431036,0.123270384,0.247641705,0.419026532,0.509281217,0.613612267,0.689525643,0.207777233,0.765792342
205632,32,6,6,MOD_snn_32_6_6-75,EMB_snn_32_6_6-75,0.074687336,0.113324516,0.231808269,0.400165737,0.496933868,0.606622884,0.68065291,0.213063655,0.758107294
205632,32,6,6,MOD_snn_32_6_6-100,EMB_snn_32_6_6-100,0.075024612,0.113896316,0.224303596,0.398610222,0.493179915,0.598704101,0.673813178,0.218231413,0.752222806
205632,32,6,8,MOD_snn_32_6_8-50,EMB_snn_32_6_8-50,0.162734481,0.206359297,0.359564108,0.596642007,0.711675073,0.811129566,0.866461047,0.080713251,0.884966316
205632,32,6,8,MOD_snn_32_6_8-75,EMB_snn_32_6_8-75,0.200284549,0.244636466,0.381680084,0.582270316,0.680995735,0.782186863,0.845742612,0.091504344,0.869777632
205632,32,6,8,MOD_snn_32_6_8-100,EMB_snn_32_6_8-100,0.188735557,0.233822862,0.377017572,0.572576048,0.680259868,0.788000775,0.848178242,0.084535396,0.874014395
205632,32,6,16,MOD_snn_32_6_16-50,EMB_snn_32_6_16-50,0.078386229,0.121151375,0.290176844,0.528715999,0.640174264,0.754562838,0.821640503,0.093003793,0.849905429
205632,32,6,16,MOD_snn_32_6_16-75,EMB_snn_32_6_16-75,0.067787726,0.109416838,0.282476038,0.517196586,0.632100407,0.748423334,0.818750475,0.099129647,0.848799545
205632,32,6,16,MOD_snn_32_6_16-100,EMB_snn_32_6_16-100,0.071243853,0.116948564,0.289284145,0.531390548,0.645069811,0.757719869,0.822273873,0.096585025,0.85176599
205632,32,6,32,MOD_snn_32_6_32-50,EMB_snn_32_6_32-50,0.116700376,0.167957528,0.347994441,0.582709483,0.69403179,0.799354415,0.85822929,0.070418009,0.876837081
205632,32,6,32,MOD_snn_32_6_32-75,EMB_snn_32_6_32-75,0.093766759,0.137184039,0.318732463,0.558444528,0.675951568,0.784538457,0.846773281,0.074717381,0.868845389
205632,32,6,32,MOD_snn_32_6_32-100,EMB_snn_32_6_32-100,0.109563272,0.15519641,0.328401024,0.555730281,0.668419772,0.778237622,0.843143079,0.077391766,0.866486551
400680,4,90,4,MOD_snn_4_90_4-50,EMB_snn_4_90_4-50,0.0360344,0.054892432,0.158064601,0.373717588,0.513036658,0.67330668,0.773996381,0.141421768,0.81212275
400680,4,90,4,MOD_snn_4_90_4-75,EMB_snn_4_90_4-75,0.032434698,0.047733078,0.141574256,0.355457501,0.499154222,0.657125993,0.756262283,0.152740792,0.801356423
400680,4,90,4,MOD_snn_4_90_4-100,EMB_snn_4_90_4-100,0.0346033,0.052105383,0.145569742,0.348742591,0.483957649,0.642626028,0.745293121,0.159204565,0.794297644
400680,4,90,6,MOD_snn_4_90_6-50,EMB_snn_4_90_6-50,0.042436768,0.064982579,0.182060411,0.418342151,0.552079062,0.702660896,0.791103704,0.123965557,0.827169786
400680,4,90,6,MOD_snn_4_90_6-75,EMB_snn_4_90_6-75,0.043392561,0.066582488,0.170655398,0.378646155,0.515015072,0.668167465,0.767213449,0.139516209,0.809590483
400680,4,90,6,MOD_snn_4_90_6-100,EMB_snn_4_90_6-100,0.037566085,0.055826743,0.157981292,0.360045077,0.497722274,0.655357404,0.752686141,0.151096807,0.801480186
400680,4,90,8,MOD_snn_4_90_8-50,EMB_snn_4_90_8-50,0.105417617,0.19118705,0.340118564,0.524439649,0.630950194,0.749393705,0.817608039,0.101292351,0.853942562
400680,4,90,8,MOD_snn_4_90_8-75,EMB_snn_4_90_8-75,0.093676418,0.169073812,0.325985883,0.521019533,0.627646928,0.743554256,0.814776352,0.104755494,0.848748886
400680,4,90,8,MOD_snn_4_90_8-100,EMB_snn_4_90_8-100,0.10997701,0.197407318,0.352995608,0.532183028,0.630499173,0.741578402,0.814911449,0.108395631,0.851017935
400680,4,90,16,MOD_snn_4_90_16-50,EMB_snn_4_90_16-50,0.05587142,0.087209953,0.225411053,0.432564829,0.55088797,0.684619397,0.767598948,0.127492803,0.8156401
400680,4,90,16,MOD_snn_4_90_16-75,EMB_snn_4_90_16-75,0.051563893,0.079468407,0.183044058,0.361479062,0.478465479,0.621511545,0.718775723,0.155521154,0.784420905
400680,4,90,16,MOD_snn_4_90_16-100,EMB_snn_4_90_16-100,0.054441534,0.080363661,0.181237796,0.359426336,0.476161562,0.617710907,0.713294689,0.156759408,0.780453763
400680,4,90,32,MOD_snn_4_90_32-50,EMB_snn_4_90_32-50,0.071806225,0.113633645,0.259797275,0.472857335,0.589558946,0.720548472,0.797398722,0.10539591,0.834033306
400680,4,90,32,MOD_snn_4_90_32-75,EMB_snn_4_90_32-75,0.076509194,0.11548378,0.241662959,0.423421749,0.536224304,0.66569802,0.750774815,0.125888181,0.804948378
400680,4,90,32,MOD_snn_4_90_32-100,EMB_snn_4_90_32-100,0.059847178,0.091222489,0.204346531,0.383169333,0.494733946,0.631629518,0.720031175,0.150069425,0.784658595
398464,8,44,4,MOD_snn_8_44_4-50,EMB_snn_8_44_4-50,0.034389901,0.055156261,0.160325718,0.380226396,0.524679558,0.684292476,0.776751902,0.144540978,0.813505518
398464,8,44,4,MOD_snn_8_44_4-75,EMB_snn_8_44_4-75,0.033831292,0.050945948,0.150635467,0.370125896,0.507995293,0.660310056,0.753857184,0.160271781,0.79681281
398464,8,44,4,MOD_snn_8_44_4-100,EMB_snn_8_44_4-100,0.040966422,0.062932809,0.169212697,0.376258716,0.512683929,0.673774133,0.765862152,0.145761482,0.80722685
398464,8,44,6,MOD_snn_8_44_6-50,EMB_snn_8_44_6-50,0.077897598,0.159265868,0.381139593,0.574514949,0.67568801,0.778513913,0.837494758,0.0964043,0.864833139
398464,8,44,6,MOD_snn_8_44_6-75,EMB_snn_8_44_6-75,0.072003394,0.142494538,0.352522842,0.539892305,0.642114721,0.747333913,0.811928467,0.113892319,0.847522583
398464,8,44,6,MOD_snn_8_44_6-100,EMB_snn_8_44_6-100,0.074447278,0.152152254,0.360678099,0.541228745,0.639248983,0.753930732,0.821638985,0.107183901,0.852559638
398464,8,44,8,MOD_snn_8_44_8-50,EMB_snn_8_44_8-50,0.049565921,0.077173898,0.200954454,0.402617286,0.532529602,0.675952773,0.764673123,0.140883336,0.811948873
398464,8,44,8,MOD_snn_8_44_8-75,EMB_snn_8_44_8-75,0.053785421,0.080983675,0.20101086,0.411644855,0.540009364,0.683851058,0.773729199,0.128062734,0.817547182
398464,8,44,8,MOD_snn_8_44_8-100,EMB_snn_8_44_8-100,0.045138354,0.069345803,0.175640834,0.365609646,0.487923901,0.630630891,0.725268063,0.159129474,0.787678862
398464,8,44,16,MOD_snn_8_44_16-50,EMB_snn_8_44_16-50,0.067103212,0.103057345,0.236834177,0.438792747,0.554709227,0.68606923,0.765569539,0.125405729,0.813077425
398464,8,44,16,MOD_snn_8_44_16-75,EMB_snn_8_44_16-75,0.054953634,0.081814797,0.200643028,0.395746611,0.514378161,0.651130803,0.73947165,0.138033878,0.79557041
398464,8,44,16,MOD_snn_8_44_16-100,EMB_snn_8_44_16-100,0.069614951,0.10905371,0.279700952,0.535859738,0.661799571,0.784439979,0.848523877,0.085480896,0.867116428
398464,8,44,32,MOD_snn_8_44_32-50,EMB_snn_8_44_32-50,0.10033441,0.147117584,0.303054773,0.522253033,0.63584761,0.751197586,0.821638013,0.086606739,0.854045138
398464,8,44,32,MOD_snn_8_44_32-75,EMB_snn_8_44_32-75,0.077431626,0.111980057,0.239530762,0.433425348,0.547226781,0.674297421,0.757620551,0.126647088,0.810703049
398464,8,44,32,MOD_snn_8_44_32-100,EMB_snn_8_44_32-100,0.079437086,0.11524615,0.238507295,0.416278017,0.529183547,0.658410158,0.743125342,0.132436842,0.801916467
402336,16,22,4,MOD_snn_16_22_4-50,EMB_snn_16_22_4-50,0.039657637,0.061765734,0.165832575,0.363338966,0.48477003,0.631428458,0.725040214,0.171432266,0.782730887
402336,16,22,4,MOD_snn_16_22_4-75,EMB_snn_16_22_4-75,0.038107769,0.058011936,0.159673333,0.356157804,0.473320305,0.620696283,0.720166834,0.173282483,0.78191373
402336,16,22,4,MOD_snn_16_22_4-100,EMB_snn_16_22_4-100,0.034712725,0.055828722,0.154757513,0.349101396,0.468166595,0.613119723,0.711514256,0.182685953,0.775978863
402336,16,22,6,MOD_snn_16_22_6-50,EMB_snn_16_22_6-50,0.049300556,0.079641382,0.203881684,0.427841069,0.555261804,0.694262035,0.780534572,0.131554181,0.820877143
402336,16,22,6,MOD_snn_16_22_6-75,EMB_snn_16_22_6-75,0.041462466,0.067169543,0.194116911,0.411877036,0.544573568,0.691737903,0.782131405,0.128532334,0.820334282
402336,16,22,6,MOD_snn_16_22_6-100,EMB_snn_16_22_6-100,0.039664508,0.065136107,0.172847088,0.377587467,0.505771096,0.656604819,0.75197119,0.143506447,0.803758927
402336,16,22,8,MOD_snn_16_22_8-50,EMB_snn_16_22_8-50,0.044599072,0.073262097,0.212982208,0.450827795,0.576927478,0.718137519,0.805716942,0.109505421,0.837949304
402336,16,22,8,MOD_snn_16_22_8-75,EMB_snn_16_22_8-75,0.047864048,0.075531237,0.212202167,0.439146406,0.57140759,0.712285073,0.795635188,0.116616038,0.832455942
402336,16,22,8,MOD_snn_16_22_8-100,EMB_snn_16_22_8-100,0.049037322,0.076039592,0.196462042,0.408217808,0.535222667,0.683522339,0.779978437,0.125991446,0.819728871
402336,16,22,16,MOD_snn_16_22_16-50,EMB_snn_16_22_16-50,0.130335251,0.195169331,0.359773145,0.51878128,0.614299877,0.722806007,0.790152235,0.115173144,0.83530939
402336,16,22,16,MOD_snn_16_22_16-75,EMB_snn_16_22_16-75,0.137711647,0.205409181,0.34686827,0.488893863,0.577710965,0.691379885,0.767102102,0.128602867,0.821331751
402336,16,22,16,MOD_snn_16_22_16-100,EMB_snn_16_22_16-100,0.12752918,0.201301538,0.34521769,0.491792788,0.578772903,0.689196775,0.761829986,0.131164372,0.816860678
402336,16,22,32,MOD_snn_16_22_32-50,EMB_snn_16_22_32-50,0.227146724,0.266481049,0.386540938,0.549977792,0.639035959,0.7383219,0.804551187,0.099736876,0.846807841
402336,16,22,32,MOD_snn_16_22_32-75,EMB_snn_16_22_32-75,0.269462786,0.307320848,0.415194484,0.559479571,0.641914465,0.740704728,0.806347159,0.096292241,0.849012246
402336,16,22,32,MOD_snn_16_22_32-100,EMB_snn_16_22_32-100,0.244462363,0.295642393,0.436462387,0.611875068,0.701364736,0.795274464,0.848838249,0.075044178,0.877178629
414180,24,15,4,MOD_snn_24_15_4-50,EMB_snn_24_15_4-50,0.036731015,0.055256821,0.170650807,0.408673862,0.554445929,0.706533365,0.792601515,0.132170396,0.824709155
414180,24,15,4,MOD_snn_24_15_4-75,EMB_snn_24_15_4-75,0.035332671,0.052064837,0.156488108,0.394426458,0.540135711,0.693671258,0.776803802,0.141263414,0.813135234
414180,24,15,4,MOD_snn_24_15_4-100,EMB_snn_24_15_4-100,0.03712094,0.054488796,0.161182079,0.384953346,0.520141932,0.668607964,0.757401521,0.149693555,0.805478461
414180,24,15,6,MOD_snn_24_15_6-50,EMB_snn_24_15_6-50,0.054463382,0.079745167,0.193474676,0.414396633,0.544693708,0.688322638,0.777155776,0.129960987,0.817537643
414180,24,15,6,MOD_snn_24_15_6-75,EMB_snn_24_15_6-75,0.047559396,0.069321809,0.170852235,0.381962614,0.511641649,0.664365878,0.752246705,0.152061618,0.801019641
414180,24,15,6,MOD_snn_24_15_6-100,EMB_snn_24_15_6-100,0.043136155,0.062822412,0.163983446,0.364148873,0.495743498,0.651910863,0.745856002,0.15339045,0.794479505
414180,24,15,8,MOD_snn_24_15_8-50,EMB_snn_24_15_8-50,0.042306089,0.069074573,0.19397818,0.409548246,0.534508482,0.681790924,0.770594691,0.135090197,0.813727016
414180,24,15,8,MOD_snn_24_15_8-75,EMB_snn_24_15_8-75,0.044078948,0.07109966,0.200216295,0.425037762,0.553536453,0.697938725,0.780789356,0.12607055,0.822196307
414180,24,15,8,MOD_snn_24_15_8-100,EMB_snn_24_15_8-100,0.039326212,0.060599327,0.173806789,0.398724574,0.53769061,0.686110972,0.774455816,0.133622299,0.812640137
414180,24,15,16,MOD_snn_24_15_16-50,EMB_snn_24_15_16-50,0.064160297,0.099458245,0.239906446,0.45610185,0.577878944,0.714456294,0.794937902,0.106484482,0.834101371
414180,24,15,16,MOD_snn_24_15_16-75,EMB_snn_24_15_16-75,0.053834953,0.079234331,0.181477042,0.362223626,0.480996614,0.622614655,0.719681771,0.156153059,0.782779134
414180,24,15,16,MOD_snn_24_15_16-100,EMB_snn_24_15_16-100,0.049351314,0.07765442,0.182711445,0.365769308,0.482847255,0.624455097,0.722715712,0.149522666,0.786048282
414180,24,15,32,MOD_snn_24_15_32-50,EMB_snn_24_15_32-50,0.077516955,0.115934035,0.24855645,0.436220208,0.543785523,0.667343208,0.748942345,0.13241645,0.804077571
414180,24,15,32,MOD_snn_24_15_32-75,EMB_snn_24_15_32-75,0.071273404,0.109160863,0.239218956,0.423839331,0.531016649,0.657899198,0.739069823,0.130801354,0.799612377
414180,24,15,32,MOD_snn_24_15_32-100,EMB_snn_24_15_32-100,0.08898025,0.131882349,0.294941496,0.510521203,0.621529983,0.739211383,0.810650169,0.089404064,0.846875254
404272,32,11,4,MOD_snn_32_11_4-50,EMB_snn_32_11_4-50,0.044585539,0.073624291,0.187117969,0.423235384,0.562831856,0.703195576,0.780247658,0.146793905,0.815504353
404272,32,11,4,MOD_snn_32_11_4-75,EMB_snn_32_11_4-75,0.044738137,0.067630697,0.183915328,0.422801875,0.564021451,0.705003201,0.784644762,0.135673759,0.819750914
404272,32,11,4,MOD_snn_32_11_4-100,EMB_snn_32_11_4-100,0.039150432,0.061927069,0.177325819,0.402605956,0.536397734,0.683572694,0.772825996,0.142058965,0.812628994
404272,32,11,6,MOD_snn_32_11_6-50,EMB_snn_32_11_6-50,0.044947436,0.075444669,0.213128133,0.444962225,0.573170686,0.716476661,0.800609342,0.116483073,0.834145686
404272,32,11,6,MOD_snn_32_11_6-75,EMB_snn_32_11_6-75,0.04596614,0.073693039,0.204600093,0.422076112,0.545661214,0.68720878,0.776751107,0.128951334,0.819601134
404272,32,11,6,MOD_snn_32_11_6-100,EMB_snn_32_11_6-100,0.047429207,0.074674141,0.196216843,0.404961252,0.533927614,0.676933968,0.765852613,0.13991594,0.81054152
404272,32,11,8,MOD_snn_32_11_8-50,EMB_snn_32_11_8-50,0.054447652,0.089901505,0.244860256,0.474543024,0.592255888,0.726632836,0.804293028,0.108033096,0.838513896
404272,32,11,8,MOD_snn_32_11_8-75,EMB_snn_32_11_8-75,0.058661654,0.093178079,0.237700901,0.461128803,0.584441955,0.719751086,0.798552804,0.113935843,0.834472815
404272,32,11,8,MOD_snn_32_11_8-100,EMB_snn_32_11_8-100,0.054943233,0.086217089,0.215138661,0.425462833,0.542984112,0.680583344,0.767052983,0.130860055,0.814286025
404272,32,11,16,MOD_snn_32_11_16-50,EMB_snn_32_11_16-50,0.162784071,0.213460927,0.357061114,0.529347491,0.624046128,0.731128519,0.798062964,0.111003552,0.837911432
404272,32,11,16,MOD_snn_32_11_16-75,EMB_snn_32_11_16-75,0.16501473,0.207196539,0.330539339,0.495009306,0.590512114,0.703139477,0.777923401,0.12098194,0.826300111
404272,32,11,16,MOD_snn_32_11_16-100,EMB_snn_32_11_16-100,0.155476479,0.192894273,0.310475621,0.478535929,0.577691761,0.69609591,0.773078403,0.123499439,0.820796778
404272,32,11,32,MOD_snn_32_11_32-50,EMB_snn_32_11_32-50,0.101786351,0.167036165,0.282431676,0.392373307,0.466604144,0.566764728,0.645373648,0.226377546,0.735448437
404272,32,11,32,MOD_snn_32_11_32-75,EMB_snn_32_11_32-75,0.095467715,0.157901565,0.265775174,0.371567874,0.443644348,0.54401794,0.620313588,0.248609503,0.719222292
404272,32,11,32,MOD_snn_32_11_32-100,EMB_snn_32_11_32-100,0.089736072,0.147043769,0.250699434,0.367820239,0.437979534,0.537513671,0.614694495,0.252340825,0.713687863
599040,4,128,4,MOD_snn_4_128_4-50,EMB_snn_4_128_4-50,0.039021441,0.061069616,0.161432748,0.384663583,0.531726161,0.691744799,0.785581324,0.142636408,0.816518022
599040,4,128,4,MOD_snn_4_128_4-75,EMB_snn_4_128_4-75,0.039902979,0.06370529,0.155616186,0.357934048,0.503267447,0.671250953,0.769214547,0.149536715,0.809884648
599040,4,128,4,MOD_snn_4_128_4-100,EMB_snn_4_128_4-100,0.030114057,0.047192696,0.137667643,0.340475853,0.486424066,0.660802085,0.763843308,0.153358288,0.804466493
599040,4,128,6,MOD_snn_4_128_6-50,EMB_snn_4_128_6-50,0.05171997,0.079636668,0.194086677,0.40113524,0.52655452,0.67190041,0.762335317,0.140074938,0.808464618
599040,4,128,6,MOD_snn_4_128_6-75,EMB_snn_4_128_6-75,0.04912469,0.074658471,0.175705056,0.371533941,0.500706248,0.654135873,0.750484077,0.153853251,0.800353966
599040,4,128,6,MOD_snn_4_128_6-100,EMB_snn_4_128_6-100,0.051889785,0.081633912,0.206950076,0.438823888,0.580034963,0.724482818,0.807296221,0.121269426,0.834764788
599040,4,128,8,MOD_snn_4_128_8-50,EMB_snn_4_128_8-50,0.043983929,0.069794339,0.179438407,0.376895423,0.501112853,0.648700594,0.742758241,0.151699839,0.797694587
599040,4,128,8,MOD_snn_4_128_8-75,EMB_snn_4_128_8-75,0.043420683,0.068001772,0.160192484,0.343896485,0.467898052,0.623842572,0.725886629,0.158764754,0.786955548
599040,4,128,8,MOD_snn_4_128_8-100,EMB_snn_4_128_8-100,0.046393004,0.069901064,0.166120702,0.348893536,0.466986697,0.616208006,0.719297909,0.165837512,0.782092134
599040,4,128,16,MOD_snn_4_128_16-50,EMB_snn_4_128_16-50,0.132952295,0.158101596,0.224889657,0.332375583,0.415641676,0.523093862,0.604894433,0.256214726,0.707116188
599040,4,128,16,MOD_snn_4_128_16-75,EMB_snn_4_128_16-75,0.132851826,0.153067889,0.207564928,0.308968385,0.386124982,0.49166169,0.579679634,0.278079061,0.690075253
599040,4,128,16,MOD_snn_4_128_16-100,EMB_snn_4_128_16-100,0.145057175,0.178679309,0.249236817,0.370746753,0.452985714,0.553923578,0.636564151,0.241466093,0.725873798
599040,4,128,32,MOD_snn_4_128_32-50,EMB_snn_4_128_32-50,0.179844641,0.252972468,0.376871613,0.523303535,0.607451466,0.710122759,0.779644157,0.111913596,0.830687688
599040,4,128,32,MOD_snn_4_128_32-75,EMB_snn_4_128_32-75,0.213437232,0.287564411,0.422645695,0.569970547,0.653733705,0.750786982,0.813391486,0.095100214,0.855041247
599040,4,128,32,MOD_snn_4_128_32-100,EMB_snn_4_128_32-100,0.16431549,0.238197731,0.373870991,0.532268144,0.622018494,0.728662728,0.798097322,0.102160968,0.841792008
604044,8,63,4,MOD_snn_8_63_4-50,EMB_snn_8_63_4-50,0.035367182,0.052796286,0.160101889,0.40424624,0.548865208,0.711394707,0.798055384,0.131634128,0.82378306
604044,8,63,4,MOD_snn_8_63_4-75,EMB_snn_8_63_4-75,0.034595166,0.050979113,0.151032667,0.367682569,0.507307414,0.673260554,0.774266693,0.143008997,0.810209836
604044,8,63,4,MOD_snn_8_63_4-100,EMB_snn_8_63_4-100,0.037169788,0.054867571,0.149716003,0.359558336,0.498794185,0.658017426,0.755832868,0.15236777,0.800254255
604044,8,63,6,MOD_snn_8_63_6-50,EMB_snn_8_63_6-50,0.190501016,0.235366065,0.368144389,0.567762691,0.669495125,0.768668113,0.831948005,0.095774535,0.863592895
604044,8,63,6,MOD_snn_8_63_6-75,EMB_snn_8_63_6-75,0.18473656,0.233106371,0.368466783,0.556884796,0.65969285,0.757299111,0.821597841,0.103583824,0.85599569
604044,8,63,6,MOD_snn_8_63_6-100,EMB_snn_8_63_6-100,0.16407125,0.201883164,0.321287056,0.498991412,0.609221077,0.724693742,0.796684927,0.122654867,0.837378842
604044,8,63,8,MOD_snn_8_63_8-50,EMB_snn_8_63_8-50,0.043812945,0.066802322,0.172210511,0.371853594,0.499618801,0.646793769,0.74077662,0.144233155,0.794142891
604044,8,63,8,MOD_snn_8_63_8-75,EMB_snn_8_63_8-75,0.043863697,0.065691591,0.162582672,0.350880529,0.46910337,0.617644882,0.715089077,0.16264807,0.778839016
604044,8,63,8,MOD_snn_8_63_8-100,EMB_snn_8_63_8-100,0.038209432,0.057044158,0.136801779,0.301379823,0.422782624,0.577816213,0.684818365,0.184162068,0.758013905
604044,8,63,16,MOD_snn_8_63_16-50,EMB_snn_8_63_16-50,0.111695155,0.137964505,0.202853814,0.311367995,0.387963145,0.495656018,0.585425905,0.278195842,0.692047849
604044,8,63,16,MOD_snn_8_63_16-75,EMB_snn_8_63_16-75,0.113272376,0.136256729,0.197677569,0.303821582,0.379116276,0.489431062,0.579535598,0.278783805,0.688688378
604044,8,63,16,MOD_snn_8_63_16-100,EMB_snn_8_63_16-100,0.117389997,0.152016874,0.254288807,0.412479369,0.509798622,0.612990422,0.684103583,0.215787783,0.757585056
604044,8,63,32,MOD_snn_8_63_32-50,EMB_snn_8_63_32-50,0.077223615,0.114598107,0.235482538,0.403184462,0.505727988,0.635704591,0.723168906,0.147400096,0.787370133
604044,8,63,32,MOD_snn_8_63_32-75,EMB_snn_8_63_32-75,0.06722093,0.103048558,0.217032268,0.381830873,0.482477499,0.611627953,0.699529857,0.165048914,0.771856938
604044,8,63,32,MOD_snn_8_63_32-100,EMB_snn_8_63_32-100,0.07637913,0.108807484,0.208964259,0.368671011,0.469641168,0.597307642,0.689733191,0.166131098,0.768029176
600408,16,31,4,MOD_snn_16_31_4-50,EMB_snn_16_31_4-50,0.042036852,0.063686665,0.182792544,0.409554025,0.552533228,0.709275713,0.800853776,0.131850372,0.827706075
600408,16,31,4,MOD_snn_16_31_4-75,EMB_snn_16_31_4-75,0.039527177,0.060765764,0.175877074,0.401470644,0.54006458,0.694867463,0.782933383,0.136113519,0.818104581
600408,16,31,4,MOD_snn_16_31_4-100,EMB_snn_16_31_4-100,0.035819976,0.057553095,0.170759883,0.392712517,0.53110374,0.688503697,0.778544984,0.139747183,0.815577965
600408,16,31,6,MOD_snn_16_31_6-50,EMB_snn_16_31_6-50,0.044731775,0.073853303,0.215059586,0.442518098,0.573841993,0.71785409,0.8033029,0.115558498,0.83527378
600408,16,31,6,MOD_snn_16_31_6-75,EMB_snn_16_31_6-75,0.049754688,0.078608863,0.204915576,0.423980126,0.559584781,0.701561552,0.7891031,0.126684225,0.826802102
600408,16,31,6,MOD_snn_16_31_6-100,EMB_snn_16_31_6-100,0.046215911,0.078873543,0.217790363,0.46061911,0.595977814,0.742613019,0.82509775,0.108370997,0.844760983
600408,16,31,8,MOD_snn_16_31_8-50,EMB_snn_16_31_8-50,0.057279795,0.087295135,0.205874833,0.39205942,0.504850276,0.642102207,0.728971882,0.159173953,0.790009258
600408,16,31,8,MOD_snn_16_31_8-75,EMB_snn_16_31_8-75,0.0515884,0.075405547,0.174156678,0.358076463,0.476822926,0.623541658,0.718130947,0.163424407,0.780925882
600408,16,31,8,MOD_snn_16_31_8-100,EMB_snn_16_31_8-100,0.051281483,0.069138054,0.166933272,0.339689938,0.460931109,0.61149595,0.712296063,0.167416594,0.778565901
600408,16,31,16,MOD_snn_16_31_16-50,EMB_snn_16_31_16-50,0.055646589,0.083563082,0.195096168,0.375433418,0.492560834,0.631866744,0.728631924,0.142945678,0.792184162
600408,16,31,16,MOD_snn_16_31_16-75,EMB_snn_16_31_16-75,0.057537079,0.092783999,0.223582892,0.422233625,0.538823005,0.675383927,0.760569779,0.132120773,0.80868086
600408,16,31,16,MOD_snn_16_31_16-100,EMB_snn_16_31_16-100,0.058980715,0.092233679,0.219688898,0.407284692,0.520835206,0.656989817,0.744950038,0.134669189,0.80299019
600408,16,31,32,MOD_snn_16_31_32-50,EMB_snn_16_31_32-50,0.0666579,0.096823407,0.203770568,0.370982209,0.479099388,0.616706121,0.707319549,0.15353757,0.777399457
600408,16,31,32,MOD_snn_16_31_32-75,EMB_snn_16_31_32-75,0.069262054,0.098771404,0.202070687,0.365522759,0.468754553,0.603530994,0.695577088,0.164512196,0.770109585
600408,16,31,32,MOD_snn_16_31_32-100,EMB_snn_16_31_32-100,0.102260421,0.15245656,0.31200099,0.529240006,0.642059987,0.759523659,0.827594911,0.083487951,0.856694246
614628,24,21,4,MOD_snn_24_21_4-50,EMB_snn_24_21_4-50,0.186389445,0.235161539,0.370915065,0.564084612,0.663034412,0.758717589,0.814396573,0.116640648,0.84849236
614628,24,21,4,MOD_snn_24_21_4-75,EMB_snn_24_21_4-75,0.177360331,0.218240578,0.359775503,0.56657424,0.664772516,0.762822345,0.828921744,0.106081047,0.855650843
614628,24,21,6,MOD_snn_24_21_6-50,EMB_snn_24_21_6-50,0.231129011,0.262608116,0.368304351,0.544629727,0.649409628,0.762495428,0.831407426,0.10272096,0.860701126
614628,24,21,6,MOD_snn_24_21_6-75,EMB_snn_24_21_6-75,0.201456635,0.22841969,0.343267583,0.547201773,0.663560011,0.774177797,0.832629772,0.10553889,0.85584057
614628,24,21,6,MOD_snn_24_21_6-100,EMB_snn_24_21_6-100,0.208606623,0.240851265,0.35568914,0.545995228,0.65525109,0.763074134,0.82535489,0.102974016,0.856487016
614628,24,21,8,MOD_snn_24_21_8-50,EMB_snn_24_21_8-50,0.053799891,0.079463021,0.186928422,0.383904865,0.507710135,0.652766644,0.744213758,0.147519418,0.800849776
614628,24,21,8,MOD_snn_24_21_8-75,EMB_snn_24_21_8-75,0.050864229,0.074248348,0.17270653,0.350889563,0.472853283,0.618530293,0.719029328,0.158265618,0.784133221
614628,24,21,8,MOD_snn_24_21_8-100,EMB_snn_24_21_8-100,0.057929861,0.086332158,0.19741462,0.39416172,0.522193961,0.672016404,0.763332055,0.142173455,0.808292179
614628,24,21,16,MOD_snn_24_21_16-50,EMB_snn_24_21_16-50,0.062209761,0.094804258,0.22666519,0.416206952,0.53407234,0.671349662,0.758601776,0.126538642,0.80930072
614628,24,21,16,MOD_snn_24_21_16-75,EMB_snn_24_21_16-75,0.054250989,0.080219243,0.182455923,0.360457605,0.475101297,0.620156842,0.713287541,0.153380796,0.780804771
614628,24,21,16,MOD_snn_24_21_16-100,EMB_snn_24_21_16-100,0.070809333,0.105585041,0.230068287,0.439211104,0.55802996,0.69373589,0.776379748,0.114712582,0.823161213
614628,24,21,32,MOD_snn_24_21_32-50,EMB_snn_24_21_32-50,0.151400706,0.260096951,0.37757958,0.514233645,0.598250728,0.698230622,0.771418437,0.11760141,0.826166064
614628,24,21,32,MOD_snn_24_21_32-75,EMB_snn_24_21_32-75,0.133501299,0.226954097,0.350393115,0.490112619,0.578007806,0.68064578,0.753181129,0.128944046,0.811915605
614628,24,21,32,MOD_snn_24_21_32-100,EMB_snn_24_21_32-100,0.137275967,0.243962271,0.364940907,0.498503979,0.580052581,0.68576809,0.757855344,0.127366609,0.815179607
581040,32,15,4,MOD_snn_32_15_4-50,EMB_snn_32_15_4-50,0.041948731,0.068516054,0.203713837,0.447980183,0.580927251,0.719977018,0.800871488,0.124965981,0.829588648
581040,32,15,4,MOD_snn_32_15_4-75,EMB_snn_32_15_4-75,0.042353232,0.066261208,0.1922948,0.418305713,0.551569582,0.700678043,0.789214216,0.13034887,0.825119752
581040,32,15,6,MOD_snn_32_15_6-50,EMB_snn_32_15_6-50,0.055197857,0.085962102,0.224683359,0.453920949,0.58539929,0.727405816,0.810792236,0.112500508,0.84160954
581040,32,15,6,MOD_snn_32_15_6-75,EMB_snn_32_15_6-75,0.066302423,0.100529817,0.23089062,0.444316802,0.572782295,0.720691461,0.810543546,0.112694486,0.840693189
581040,32,15,6,MOD_snn_32_15_6-100,EMB_snn_32_15_6-100,0.061147911,0.090411516,0.219441832,0.431774872,0.562358665,0.708851007,0.796991009,0.12010353,0.83270041
581040,32,15,8,MOD_snn_32_15_8-50,EMB_snn_32_15_8-50,0.045846622,0.067891606,0.157874509,0.30740742,0.404460241,0.534632044,0.62239462,0.250239072,0.716391597
581040,32,15,8,MOD_snn_32_15_8-75,EMB_snn_32_15_8-75,0.041080552,0.060297523,0.143154867,0.292685511,0.398725398,0.526887119,0.621138879,0.251601761,0.715121118
581040,32,15,8,MOD_snn_32_15_8-100,EMB_snn_32_15_8-100,0.043794928,0.065487467,0.158416839,0.316477855,0.416353331,0.545066078,0.633093147,0.241986162,0.72084873
581040,32,15,16,MOD_snn_32_15_16-50,EMB_snn_32_15_16-50,0.070779647,0.105834035,0.238726663,0.446842746,0.572740267,0.714323112,0.799291122,0.105974978,0.834448542
581040,32,15,16,MOD_snn_32_15_16-75,EMB_snn_32_15_16-75,0.066937125,0.102557563,0.222487819,0.407633177,0.522161601,0.663370661,0.75499748,0.129451913,0.806749496
581040,32,15,16,MOD_snn_32_15_16-100,EMB_snn_32_15_16-100,0.066903746,0.099147866,0.212335763,0.389317958,0.5041984,0.643992937,0.740372482,0.13555424,0.798635492
581040,32,15,32,MOD_snn_32_15_32-50,EMB_snn_32_15_32-50,0.072504534,0.11183991,0.245820066,0.434909882,0.553565478,0.684874234,0.768990997,0.111504092,0.818662018
581040,32,15,32,MOD_snn_32_15_32-75,EMB_snn_32_15_32-75,0.065893261,0.101721495,0.218213061,0.396882929,0.510178336,0.646274241,0.736212342,0.137930287,0.795542689
581040,32,15,32,MOD_snn_32_15_32-100,EMB_snn_32_15_32-100,0.057626091,0.088269721,0.205573358,0.383481718,0.496430486,0.635311418,0.725855253,0.140437961,0.788999402